SampleYear,ImageDate,Subregion,Habitat,SiteCode,SiteID,SiteName,StationID,points,BOCT,EOCT,GVEN,OCTO
1999,8/16/1999,DT         ,P          ,1P1,41,White Shoal,411,580,,,,0.0466
1999,8/16/1999,DT         ,P          ,1P1,41,White Shoal,412,589,,,,0.0662
1999,8/16/1999,DT         ,P          ,1P1,41,White Shoal,413,589,,,,0.0509
1999,6/6/1999,DT         ,P          ,1P1,41,White Shoal,414,620,,,,0.2177
1999,6/3/1999,DT         ,OD         ,1D1,82,Bird Key Reef,821,585,,,,0.2239
1999,6/3/1999,DT         ,OD         ,1D1,82,Bird Key Reef,822,620,,,,0.1952
1999,6/3/1999,DT         ,OD         ,1D1,82,Bird Key Reef,823,590,,,,0.2203
1999,6/3/1999,DT         ,OD         ,1D1,82,Bird Key Reef,824,507,,,,0.1992
1999,6/5/1999,DT         ,OD         ,1D2,83,Black Coral Rock,831,569,,,,0.1248
1999,6/5/1999,DT         ,OD         ,1D2,83,Black Coral Rock,832,489,,,,0.0838
1999,6/5/1999,DT         ,OD         ,1D2,83,Black Coral Rock,833,580,,,,0.0552
1999,6/5/1999,DT         ,OD         ,1D2,83,Black Coral Rock,834,579,,,,0.1174
2000,6/3/2000,DT         ,P          ,1P1,41,White Shoal,411,590,,,,0.0492
2000,6/3/2000,DT         ,P          ,1P1,41,White Shoal,412,590,,,,0.078
2000,6/3/2000,DT         ,P          ,1P1,41,White Shoal,413,610,,,,0.0508
2000,6/3/2000,DT         ,P          ,1P1,41,White Shoal,414,590,,,,0.2119
2000,6/2/2000,DT         ,OD         ,1D1,82,Bird Key Reef,821,549,,,,0.1967
2000,6/2/2000,DT         ,OD         ,1D1,82,Bird Key Reef,822,614,,,,0.1173
2000,6/2/2000,DT         ,OD         ,1D1,82,Bird Key Reef,823,608,,,,0.1628
2000,6/2/2000,DT         ,OD         ,1D1,82,Bird Key Reef,824,619,,,,0.1906
2000,6/3/2000,DT         ,OD         ,1D2,83,Black Coral Rock,831,569,,,,0.1371
2000,6/3/2000,DT         ,OD         ,1D2,83,Black Coral Rock,832,590,,,,0.0831
2000,6/3/2000,DT         ,OD         ,1D2,83,Black Coral Rock,833,591,,,,0.0728
2000,6/3/2000,DT         ,OD         ,1D2,83,Black Coral Rock,834,609,,,,0.1034
2001,6/8/2001,DT         ,P          ,1P1,41,White Shoal,411,637,,,,0.0628
2001,6/8/2001,DT         ,P          ,1P1,41,White Shoal,412,770,,,,0.0636
2001,6/8/2001,DT         ,P          ,1P1,41,White Shoal,413,715,,,,0.0448
2001,6/8/2001,DT         ,P          ,1P1,41,White Shoal,414,665,,,,0.197
2001,6/7/2001,DT         ,OD         ,1D1,82,Bird Key Reef,821,579,,,,0.2349
2001,6/7/2001,DT         ,OD         ,1D1,82,Bird Key Reef,822,584,,,,0.1747
2001,6/7/2001,DT         ,OD         ,1D1,82,Bird Key Reef,823,786,,,,0.201
2001,6/7/2001,DT         ,OD         ,1D1,82,Bird Key Reef,824,680,,,,0.1574
2001,6/8/2001,DT         ,OD         ,1D2,83,Black Coral Rock,831,506,,,,0.1403
2001,6/8/2001,DT         ,OD         ,1D2,83,Black Coral Rock,832,573,,,,0.1449
2001,6/9/2001,DT         ,OD         ,1D2,83,Black Coral Rock,833,684,,,,0.1067
2001,6/9/2001,DT         ,OD         ,1D2,83,Black Coral Rock,834,570,,,,0.1246
2002,5/10/2002,DT         ,P          ,1P1,41,White Shoal,411,602,,,,0.0399
2002,5/10/2002,DT         ,P          ,1P1,41,White Shoal,412,652,,,,0.0721
2002,5/10/2002,DT         ,P          ,1P1,41,White Shoal,413,596,,,,0.0688
2002,5/10/2002,DT         ,P          ,1P1,41,White Shoal,414,659,,,,0.1275
2002,5/8/2002,DT         ,OD         ,1D1,82,Bird Key Reef,821,648,,,,0.2377
2002,5/8/2002,DT         ,OD         ,1D1,82,Bird Key Reef,822,622,,,,0.1415
2002,5/8/2002,DT         ,OD         ,1D1,82,Bird Key Reef,823,689,,,,0.1785
2002,5/8/2002,DT         ,OD         ,1D1,82,Bird Key Reef,824,754,,,,0.2109
2002,10/15/2002,DT         ,OD         ,1D2,83,Black Coral Rock,831,485,,,,0.066
2002,10/15/2002,DT         ,OD         ,1D2,83,Black Coral Rock,832,508,,,,0.1083
2002,10/15/2002,DT         ,OD         ,1D2,83,Black Coral Rock,833,523,,,,0.0899
2002,10/15/2002,DT         ,OD         ,1D2,83,Black Coral Rock,834,530,,,,0.0887
2003,7/22/2003,DT         ,P          ,1P1,41,White Shoal,411,690,,,,0.0188
2003,7/22/2003,DT         ,P          ,1P1,41,White Shoal,412,799,,,,0.0626
2003,7/22/2003,DT         ,P          ,1P1,41,White Shoal,413,716,,,,0.0419
2003,7/21/2003,DT         ,P          ,1P1,41,White Shoal,414,766,,,,0.2402
2003,7/23/2003,DT         ,OD         ,1D1,82,Bird Key Reef,821,631,,,,0.1236
2003,7/23/2003,DT         ,OD         ,1D1,82,Bird Key Reef,822,623,,,,0.1766
2003,7/23/2003,DT         ,OD         ,1D1,82,Bird Key Reef,823,471,,,,0.2527
2003,7/23/2003,DT         ,OD         ,1D1,82,Bird Key Reef,824,777,,,,0.1429
2003,7/22/2003,DT         ,OD         ,1D2,83,Black Coral Rock,831,561,,,,0.0784
2003,7/22/2003,DT         ,OD         ,1D2,83,Black Coral Rock,832,535,,,,0.0841
2003,7/22/2003,DT         ,OD         ,1D2,83,Black Coral Rock,833,561,,,,0.1105
2003,7/22/2003,DT         ,OD         ,1D2,83,Black Coral Rock,834,530,,,,0.1906
2004,10/5/2004,DT         ,P          ,1P1,41,White Shoal,411,692,,,,0.0087
2004,10/5/2004,DT         ,P          ,1P1,41,White Shoal,412,722,,,,0.018
2004,10/5/2004,DT         ,P          ,1P1,41,White Shoal,413,696,,,,0.0129
2004,10/5/2004,DT         ,P          ,1P1,41,White Shoal,414,707,,,,0.1004
2004,10/12/2004,DT,P   ,1P2,42,Palmata Patch,421,1841,,,,0.0598
2004,10/12/2004,DT,P   ,1P2,42,Palmata Patch,422,2066,,,,0.0368
2004,10/12/2004,DT,P   ,1P3,43,Prolifera Patch,431,1590,,,,0.0616
2004,10/12/2004,DT,P   ,1P3,43,Prolifera Patch,432,2044,,,,0.0489
2004,10/12/2004,DT,P   ,1P3,43,Prolifera Patch,433,1911,,,,0.0686
2004,10/10/2004,DT,P   ,1P4,44,Temptation Rock,441,672,,,,0.3021
2004,10/10/2004,DT,P   ,1P4,44,Temptation Rock,442,640,,,,0.1109
2004,10/10/2004,DT,P   ,1P4,44,Temptation Rock,443,646,,,,0.13
2004,10/10/2004,DT,P   ,1P4,44,Temptation Rock,444,672,,,,0.0595
2004,10/12/2004,DT,P   ,1P5,45,Mayer's Peak,451,695,,,,0.2633
2004,10/12/2004,DT,P   ,1P5,45,Mayer's Peak,452,799,,,,0.2103
2004,10/12/2004,DT,P   ,1P5,45,Mayer's Peak,453,852,,,,0.2324
2004,10/12/2004,DT,P   ,1P5,45,Mayer's Peak,454,627,,,,0.2568
2004,10/5/2004,DT         ,OD         ,1D1,82,Bird Key Reef,821,629,,,,0.097
2004,10/5/2004,DT         ,OD         ,1D1,82,Bird Key Reef,822,644,,,,0.1227
2004,10/5/2004,DT         ,OD         ,1D1,82,Bird Key Reef,823,690,,,,0.1609
2004,10/5/2004,DT         ,OD         ,1D1,82,Bird Key Reef,824,677,,,,0.161
2004,8/10/2004,DT         ,OD         ,1D2,83,Black Coral Rock,831,565,,,,0.1115
2004,8/10/2004,DT         ,OD         ,1D2,83,Black Coral Rock,832,583,,,,0.0635
2004,8/10/2004,DT         ,OD         ,1D2,83,Black Coral Rock,833,618,,,,0.0987
2004,8/10/2004,DT         ,OD         ,1D2,83,Black Coral Rock,834,586,,,,0.1212
2005,10/1/2005,DT         ,P          ,1P1,41,White Shoal,411,758,,,,0.0066
2005,10/1/2005,DT         ,P          ,1P1,41,White Shoal,412,825,,,,0.0109
2005,10/1/2005,DT         ,P          ,1P1,41,White Shoal,413,745,,,,0.0174
2005,10/1/2005,DT         ,P          ,1P1,41,White Shoal,414,761,,,,0.1051
2005,9/29/2005,DT,P   ,1P2,42,Palmata Patch,421,1919,,,,0.0099
2005,9/29/2005,DT,P   ,1P2,42,Palmata Patch,422,2175,,,,0.0451
2005,9/29/2005,DT,P   ,1P3,43,Prolifera Patch,431,1810,,,,0.0398
2005,9/29/2005,DT,P   ,1P3,43,Prolifera Patch,432,2126,,,,0.0724
2005,9/29/2005,DT,P   ,1P3,43,Prolifera Patch,433,1851,,,,0.1102
2005,10/2/2005,DT,P   ,1P4,44,Temptation Rock,441,652,,,,0.2485
2005,10/2/2005,DT,P   ,1P4,44,Temptation Rock,442,635,,,,0.1354
2005,10/2/2005,DT,P   ,1P4,44,Temptation Rock,443,689,,,,0.1147
2005,10/2/2005,DT,P   ,1P4,44,Temptation Rock,444,680,,,,0.1176
2005,10/3/2005,DT,P   ,1P5,45,Mayer's Peak,451,677,,,,0.2408
2005,10/3/2005,DT,P   ,1P5,45,Mayer's Peak,452,675,,,,0.2415
2005,10/3/2005,DT,P   ,1P5,45,Mayer's Peak,453,752,,,,0.2606
2005,10/3/2005,DT,P   ,1P5,45,Mayer's Peak,454,579,,,,0.2383
2005,10/5/2005,DT,P,1P6,46,Loggerhead Patch,461,2122,,,,0.016
2005,10/5/2005,DT,P,1P6,46,Loggerhead Patch,462,2212,,,,0.0077
2005,10/1/2005,DT         ,OD         ,1D1,82,Bird Key Reef,821,657,,,,0.1081
2005,10/1/2005,DT         ,OD         ,1D1,82,Bird Key Reef,822,596,,,,0.0839
2005,10/1/2005,DT         ,OD         ,1D1,82,Bird Key Reef,823,686,,,,0.1589
2005,10/1/2005,DT         ,OD         ,1D1,82,Bird Key Reef,824,696,,,,0.1149
2005,9/30/2005,DT         ,OD         ,1D2,83,Black Coral Rock,831,562,,,,0.0605
2005,9/30/2005,DT         ,OD         ,1D2,83,Black Coral Rock,832,613,,,,0.0489
2005,9/30/2005,DT         ,OD         ,1D2,83,Black Coral Rock,833,591,,,,0.0745
2005,9/30/2005,DT         ,OD         ,1D2,83,Black Coral Rock,834,554,,,,0.0722
2006,9/1/2006,DT         ,P          ,1P1,41,White Shoal,411,688,,,,0.0349
2006,9/1/2006,DT         ,P          ,1P1,41,White Shoal,412,732,,,,0.0178
2006,9/1/2006,DT         ,P          ,1P1,41,White Shoal,413,720,,,,0.0236
2006,9/1/2006,DT         ,P          ,1P1,41,White Shoal,414,688,,,,0.1192
2006,9/1/2006,DT,P   ,1P2,42,Palmata Patch,421,1930,,,,0.0047
2006,9/1/2006,DT,P   ,1P2,42,Palmata Patch,422,2119,,,,0.0137
2006,9/1/2006,DT,P   ,1P3,43,Prolifera Patch,431,1733,,,,0.0462
2006,9/1/2006,DT,P   ,1P3,43,Prolifera Patch,432,2071,,,,0.0285
2006,9/1/2006,DT,P   ,1P3,43,Prolifera Patch,433,1842,,,,0.0613
2006,9/1/2006,DT,P   ,1P4,44,Temptation Rock,441,633,,,,0.2828
2006,9/1/2006,DT,P   ,1P4,44,Temptation Rock,442,602,,,,0.0781
2006,9/1/2006,DT,P   ,1P4,44,Temptation Rock,443,640,,,,0.1266
2006,9/1/2006,DT,P   ,1P4,44,Temptation Rock,444,656,,,,0.1052
2006,9/1/2006,DT,P   ,1P5,45,Mayer's Peak,451,686,,,,0.2128
2006,9/1/2006,DT,P   ,1P5,45,Mayer's Peak,452,675,,,,0.2415
2006,9/1/2006,DT,P   ,1P5,45,Mayer's Peak,453,694,,,,0.1902
2006,9/1/2006,DT,P   ,1P5,45,Mayer's Peak,454,682,,,,0.1613
2006,9/1/2006,DT,P,1P6,46,Loggerhead Patch,461,2044,,,,0.0147
2006,9/1/2006,DT,P,1P6,46,Loggerhead Patch,462,2120,,,,0.0014
2006,9/1/2006,DT         ,OD         ,1D1,82,Bird Key Reef,821,654,,,,0.1636
2006,9/1/2006,DT         ,OD         ,1D1,82,Bird Key Reef,822,644,,,,0.104
2006,9/1/2006,DT         ,OD         ,1D1,82,Bird Key Reef,823,757,,,,0.1559
2006,9/1/2006,DT         ,OD         ,1D1,82,Bird Key Reef,824,693,,,,0.1328
2006,9/1/2006,DT         ,OD         ,1D2,83,Black Coral Rock,831,535,,,,0.0542
2006,9/1/2006,DT         ,OD         ,1D2,83,Black Coral Rock,832,566,,,,0.0406
2006,9/1/2006,DT         ,OD         ,1D2,83,Black Coral Rock,833,577,,,,0.0225
2006,9/1/2006,DT         ,OD         ,1D2,83,Black Coral Rock,834,547,,,,0.064
2007,6/21/2007,DT         ,P          ,1P1,41,White Shoal,411,1019,,,,0.0226
2007,6/21/2007,DT         ,P          ,1P1,41,White Shoal,412,1040,,,,0.0433
2007,6/21/2007,DT         ,P          ,1P1,41,White Shoal,413,1026,,,,0.0536
2007,6/21/2007,DT         ,P          ,1P1,41,White Shoal,414,951,,,,0.1714
2007,6/20/2007,DT,P   ,1P2,42,Palmata Patch,421,2468,,,,0.0178
2007,6/20/2007,DT,P   ,1P2,42,Palmata Patch,422,2862,,,,0.0115
2007,6/20/2007,DT,P   ,1P3,43,Prolifera Patch,431,2483,,,,0.0209
2007,6/20/2007,DT,P   ,1P3,43,Prolifera Patch,432,3007,,,,0.0329
2007,6/20/2007,DT,P   ,1P3,43,Prolifera Patch,433,2789,,,,0.0477
2007,6/23/2007,DT,P   ,1P4,44,Temptation Rock,441,1202,,,,0.2745
2007,6/23/2007,DT,P   ,1P4,44,Temptation Rock,442,1025,,,,0.118
2007,6/23/2007,DT,P   ,1P4,44,Temptation Rock,443,1149,,,,0.0957
2007,6/23/2007,DT,P   ,1P4,44,Temptation Rock,444,1090,,,,0.1266
2007,6/24/2007,DT,P   ,1P5,45,Mayer's Peak,451,871,,,,0.1538
2007,6/24/2007,DT,P   ,1P5,45,Mayer's Peak,452,1128,,,,0.2757
2007,6/24/2007,DT,P   ,1P5,45,Mayer's Peak,453,1092,,,,0.1749
2007,6/24/2007,DT,P   ,1P5,45,Mayer's Peak,454,910,,,,0.2253
2007,6/21/2007,DT,P,1P6,46,Loggerhead Patch,461,2695,,,,0.0126
2007,6/21/2007,DT,P,1P6,46,Loggerhead Patch,462,2834,,,,0.0067
2007,6/22/2007,DT         ,OD         ,1D1,82,Bird Key Reef,821,1006,,,,0.1034
2007,6/22/2007,DT         ,OD         ,1D1,82,Bird Key Reef,822,950,,,,0.1063
2007,6/22/2007,DT         ,OD         ,1D1,82,Bird Key Reef,823,1084,,,,0.1227
2007,6/22/2007,DT         ,OD         ,1D1,82,Bird Key Reef,824,1115,,,,0.1928
2007,6/19/2007,DT         ,OD         ,1D2,83,Black Coral Rock,831,895,,,,0.0894
2007,6/19/2007,DT         ,OD         ,1D2,83,Black Coral Rock,832,911,,,,0.0274
2007,6/19/2007,DT         ,OD         ,1D2,83,Black Coral Rock,833,805,,,,0.0149
2007,6/19/2007,DT         ,OD         ,1D2,83,Black Coral Rock,834,825,,,,0.1382
2008,10/8/2008,DT         ,P          ,1P1,41,White Shoal,411,1141,,,,0.0692
2008,10/8/2008,DT         ,P          ,1P1,41,White Shoal,412,1143,,,,0.1207
2008,10/8/2008,DT         ,P          ,1P1,41,White Shoal,413,1132,,,,0.0742
2008,10/8/2008,DT         ,P          ,1P1,41,White Shoal,414,1034,,,,0.1151
2008,10/9/2008,DT,P   ,1P2,42,Palmata Patch,421,2918,,,,0.0298
2008,10/9/2008,DT,P   ,1P2,42,Palmata Patch,422,3070,,,,0.0267
2008,10/9/2008,DT,P   ,1P3,43,Prolifera Patch,431,2520,,,,0.0171
2008,10/9/2008,DT,P   ,1P3,43,Prolifera Patch,432,3189,,,,0.0417
2008,10/9/2008,DT,P   ,1P3,43,Prolifera Patch,433,2814,,,,0.0519
2008,10/10/2008,DT,P   ,1P4,44,Temptation Rock,441,915,,,,0.2066
2008,10/10/2008,DT,P   ,1P4,44,Temptation Rock,442,978,,,,0.0818
2008,10/10/2008,DT,P   ,1P4,44,Temptation Rock,443,969,,,,0.0836
2008,10/10/2008,DT,P   ,1P4,44,Temptation Rock,444,995,,,,0.0673
2008,10/11/2008,DT,P   ,1P5,45,Mayer's Peak,451,918,,,,0.1623
2008,10/11/2008,DT,P   ,1P5,45,Mayer's Peak,452,1005,,,,0.1811
2008,10/11/2008,DT,P   ,1P5,45,Mayer's Peak,453,1003,,,,0.1356
2008,10/11/2008,DT,P   ,1P5,45,Mayer's Peak,454,988,,,,0.1852
2008,10/9/2008,DT,P,1P6,46,Loggerhead Patch,461,3163,,,,0.0126
2008,10/9/2008,DT,P,1P6,46,Loggerhead Patch,462,3152,,,,0.0089
2008,10/10/2008,DT         ,OD         ,1D1,82,Bird Key Reef,821,932,,,,0.0891
2008,10/10/2008,DT         ,OD         ,1D1,82,Bird Key Reef,822,916,,,,0.0873
2008,10/10/2008,DT         ,OD         ,1D1,82,Bird Key Reef,823,1056,,,,0.0852
2008,10/10/2008,DT         ,OD         ,1D1,82,Bird Key Reef,824,1078,,,,0.1364
2008,10/8/2008,DT         ,OD         ,1D2,83,Black Coral Rock,831,715,,,,0.0951
2008,10/8/2008,DT         ,OD         ,1D2,83,Black Coral Rock,832,873,,,,0.0367
2008,10/8/2008,DT         ,OD         ,1D2,83,Black Coral Rock,833,956,,,,0.0502
2008,10/8/2008,DT         ,OD         ,1D2,83,Black Coral Rock,834,786,,,,0.126
2009,6/1/2009,DT,P,1PA,27,The Maze,271,802,,,,0.0648
2009,6/1/2009,DT,P,1PA,27,The Maze,272,900,,,,0.0344
2009,6/2/2009,DT,P,1PA,27,The Maze,273,1071,,,,0.0934
2009,6/2/2009,DT,P,1PA,27,The Maze,274,1030,,,,0.0883
2009,5/31/2009,DT,P,1PB,28,Davis Rock,281,1016,,,,0.0089
2009,5/31/2009,DT,P,1PB,28,Davis Rock,282,909,,,,0
2009,5/31/2009,DT,P,1PB,28,Davis Rock,283,957,,,,0.0094
2009,5/31/2009,DT,P,1PB,28,Davis Rock,284,692,,,,0.0043
2009,6/1/2009,DT,P,1PC,29,Texas Rock,291,725,,,,0.1007
2009,6/1/2009,DT,P,1PC,29,Texas Rock,292,1009,,,,0.005
2009,6/1/2009,DT,P,1PC,29,Texas Rock,293,645,,,,0.0419
2009,6/1/2009,DT,P,1PC,29,Texas Rock,294,1034,,,,0.0716
2009,5/29/2009,DT         ,P          ,1P1,41,White Shoal,411,1077,,,,0.0826
2009,5/29/2009,DT         ,P          ,1P1,41,White Shoal,412,1121,,,,0.1347
2009,5/29/2009,DT         ,P          ,1P1,41,White Shoal,413,1071,,,,0.0784
2009,5/29/2009,DT         ,P          ,1P1,41,White Shoal,414,1007,,,,0.2026
2009,5/28/2009,DT,P   ,1P2,42,Palmata Patch,421,2598,,,,0.0512
2009,5/28/2009,DT,P   ,1P2,42,Palmata Patch,422,3018,,,,0.0169
2009,5/28/2009,DT,P   ,1P3,43,Prolifera Patch,431,2245,,,,0.0143
2009,5/28/2009,DT,P   ,1P3,43,Prolifera Patch,432,2753,,,,0.016
2009,5/28/2009,DT,P   ,1P3,43,Prolifera Patch,433,2538,,,,0.054
2009,4/29/2009,DT,P   ,1P4,44,Temptation Rock,441,1379,,,,0.1835
2009,4/29/2009,DT,P   ,1P4,44,Temptation Rock,442,1402,,,,0.0863
2009,4/29/2009,DT,P   ,1P4,44,Temptation Rock,443,1412,,,,0.0722
2009,4/29/2009,DT,P   ,1P4,44,Temptation Rock,444,1412,,,,0.0715
2009,5/2/2009,DT,P   ,1P5,45,Mayer's Peak,451,1232,,,,0.1583
2009,5/2/2009,DT,P   ,1P5,45,Mayer's Peak,452,1304,,,,0.1917
2009,5/2/2009,DT,P   ,1P5,45,Mayer's Peak,453,1295,,,,0.2069
2009,5/2/2009,DT,P   ,1P5,45,Mayer's Peak,454,1235,,,,0.1846
2009,4/30/2009,DT,P,1P6,46,Loggerhead Patch,461,3964,,,,0.0091
2009,4/30/2009,DT,P,1P6,46,Loggerhead Patch,462,4385,,,,0.0016
2009,5/29/2009,DT         ,OD         ,1D1,82,Bird Key Reef,821,1000,,,,0.099
2009,5/29/2009,DT         ,OD         ,1D1,82,Bird Key Reef,822,896,,,,0.135
2009,5/29/2009,DT         ,OD         ,1D1,82,Bird Key Reef,823,1127,,,,0.1304
2009,5/29/2009,DT         ,OD         ,1D1,82,Bird Key Reef,824,1386,,,,0.1681
2009,5/1/2009,DT         ,OD         ,1D2,83,Black Coral Rock,831,1003,,,,0.0738
2009,5/1/2009,DT         ,OD         ,1D2,83,Black Coral Rock,832,1152,,,,0.0512
2009,5/1/2009,DT         ,OD         ,1D2,83,Black Coral Rock,833,1220,,,,0.0639
2009,5/1/2009,DT         ,OD         ,1D2,83,Black Coral Rock,834,1100,,,,0.0827
2010,6/11/2010,DT,P,1PA,27,The Maze,271,881,0.0681,0.0068,0.0011,0.076
2010,6/11/2010,DT,P,1PA,27,The Maze,272,927,0.0216,0.0032,0.0097,0.0345
2010,6/11/2010,DT,P,1PA,27,The Maze,273,1005,0.0507,0.008,0.004,0.0627
2010,6/11/2010,DT,P,1PA,27,The Maze,274,976,0.0512,0.0041,0.0205,0.0758
2010,6/7/2010,DT,P,1PB,28,Davis Rock,281,945,0,0,0,0
2010,6/7/2010,DT,P,1PB,28,Davis Rock,282,622,0,0,0,0
2010,6/7/2010,DT,P,1PB,28,Davis Rock,283,792,0,0,0,0
2010,6/7/2010,DT,P,1PB,28,Davis Rock,284,522,0,0,0,0
2010,6/8/2010,DT,P,1PC,29,Texas Rock,291,612,0.0131,0.0474,0,0.0605
2010,6/8/2010,DT,P,1PC,29,Texas Rock,292,959,0.0156,0.0031,0.0042,0.0229
2010,6/8/2010,DT,P,1PC,29,Texas Rock,293,506,0.0138,0.0119,0,0.0257
2010,6/8/2010,DT,P,1PC,29,Texas Rock,294,976,0.04,0.0082,0.002,0.0502
2010,6/7/2010,DT         ,P          ,1P1,41,White Shoal,411,917,0.0949,0,0.0011,0.096
2010,6/7/2010,DT         ,P          ,1P1,41,White Shoal,412,966,0.2329,0.0031,0,0.236
2010,6/7/2010,DT         ,P          ,1P1,41,White Shoal,413,1005,0.0945,0,0,0.0945
2010,6/7/2010,DT         ,P          ,1P1,41,White Shoal,414,1021,0.1724,0.0049,0.0147,0.192
2010,6/9/2010,DT,P   ,1P2,42,Palmata Patch,421,3031,0.1076,0,0.002,0.1096
2010,6/9/2010,DT,P   ,1P2,42,Palmata Patch,422,2869,0.0254,0,0.0014,0.0268
2010,6/9/2010,DT,P   ,1P3,43,Prolifera Patch,431,2436,0.0127,0,0.0025,0.0152
2010,6/9/2010,DT,P   ,1P3,43,Prolifera Patch,432,3183,0.0167,0,0.0082,0.0249
2010,6/9/2010,DT,P   ,1P3,43,Prolifera Patch,433,2783,0.0352,0.0018,0.0248,0.0618
2010,6/11/2010,DT,P   ,1P4,44,Temptation Rock,441,1248,0.1258,0.0024,0.016,0.1442
2010,6/11/2010,DT,P   ,1P4,44,Temptation Rock,442,1206,0.0896,0.0017,0,0.0913
2010,6/11/2010,DT,P   ,1P4,44,Temptation Rock,443,1200,0.1217,0.0033,0.0058,0.1308
2010,6/11/2010,DT,P   ,1P4,44,Temptation Rock,444,1226,0.0636,0.0098,0.0024,0.0758
2010,6/13/2010,DT,P   ,1P5,45,Mayer's Peak,451,1170,0.1684,0.0162,0.0197,0.2043
2010,6/13/2010,DT,P   ,1P5,45,Mayer's Peak,452,1248,0.2228,0.0008,0.0136,0.2372
2010,6/13/2010,DT,P   ,1P5,45,Mayer's Peak,453,1312,0.1349,0.0053,0.0137,0.1539
2010,6/13/2010,DT,P   ,1P5,45,Mayer's Peak,454,1213,0.15,0.0165,0.0247,0.1912
2010,6/8/2010,DT,P,1P6,46,Loggerhead Patch,461,3999,0.0115,0,0.0023,0.0138
2010,6/8/2010,DT,P,1P6,46,Loggerhead Patch,462,3943,0.0015,0,0,0.0015
2010,6/10/2010,DT         ,OD         ,1D1,82,Bird Key Reef,821,1163,0.1049,0.0198,0.0017,0.1264
2010,6/10/2010,DT         ,OD         ,1D1,82,Bird Key Reef,822,1168,0.1087,0.006,0,0.1147
2010,6/10/2010,DT         ,OD         ,1D1,82,Bird Key Reef,823,1280,0.1219,0.0031,0.0023,0.1273
2010,6/10/2010,DT         ,OD         ,1D1,82,Bird Key Reef,824,1385,0.1343,0.0058,0.0087,0.1488
2010,6/12/2010,DT         ,OD         ,1D2,83,Black Coral Rock,831,1004,0.0588,0.009,0.0129,0.0807
2010,6/12/2010,DT         ,OD         ,1D2,83,Black Coral Rock,832,1132,0.0627,0.0027,0,0.0654
2010,6/12/2010,DT         ,OD         ,1D2,83,Black Coral Rock,833,1033,0.0503,0.0087,0.0019,0.0609
2010,6/12/2010,DT         ,OD         ,1D2,83,Black Coral Rock,834,993,0.0896,0.0141,0.0121,0.1158
2011,6/29/2011,DT,P,1PA,27,The Maze,271,966,0.0828,0.0342,0.0238,0.1408
2011,6/29/2011,DT,P,1PA,27,The Maze,272,994,0.0171,0.0312,0.0101,0.0584
2011,6/29/2011,DT,P,1PA,27,The Maze,273,1079,0.0371,0.0185,0,0.0556
2011,6/29/2011,DT,P,1PA,27,The Maze,274,1030,0.033,0.0097,0.0204,0.0631
2011,6/28/2011,DT,P,1PB,28,Davis Rock,281,984,0,0.0173,0,0.0173
2011,6/28/2011,DT,P,1PB,28,Davis Rock,282,860,0.0012,0.0174,0,0.0186
2011,6/28/2011,DT,P,1PB,28,Davis Rock,283,1076,0,0.0074,0,0.0074
2011,6/28/2011,DT,P,1PB,28,Davis Rock,284,892,0,0.0179,0,0.0179
2011,6/28/2011,DT,P,1PC,29,Texas Rock,291,885,0.009,0.0316,0,0.0406
2011,6/28/2011,DT,P,1PC,29,Texas Rock,292,1072,0.0065,0.0205,0,0.027
2011,6/28/2011,DT,P,1PC,29,Texas Rock,293,731,0.0041,0.0369,0,0.041
2011,6/28/2011,DT,P,1PC,29,Texas Rock,294,1108,0.0235,0.0424,0.009,0.0749
2011,6/26/2011,DT         ,P          ,1P1,41,White Shoal,411,910,0.111,0.0022,0.0011,0.1143
2011,6/26/2011,DT         ,P          ,1P1,41,White Shoal,412,930,0.2151,0.0022,0.0022,0.2195
2011,6/26/2011,DT         ,P          ,1P1,41,White Shoal,413,923,0.1408,0.0022,0.0022,0.1452
2011,6/26/2011,DT         ,P          ,1P1,41,White Shoal,414,917,0.229,0.0142,0.0076,0.2508
2011,6/27/2011,DT,P   ,1P2,42,Palmata Patch,421,2671,0.1284,0,0.0015,0.1299
2011,6/27/2011,DT,P   ,1P2,42,Palmata Patch,422,3222,0.0363,0,0.0019,0.0382
2011,6/27/2011,DT,P   ,1P3,43,Prolifera Patch,431,2127,0.0122,0,0.0019,0.0141
2011,6/27/2011,DT,P   ,1P3,43,Prolifera Patch,432,2660,0.0222,0,0.0117,0.0339
2011,6/27/2011,DT,P   ,1P3,43,Prolifera Patch,433,2272,0.0282,0.0018,0.0141,0.0441
2011,7/1/2011,DT,P   ,1P4,44,Temptation Rock,441,952,0.1155,0.0168,0.0168,0.1491
2011,7/1/2011,DT,P   ,1P4,44,Temptation Rock,442,953,0.1396,0.0105,0.0031,0.1532
2011,7/1/2011,DT,P   ,1P4,44,Temptation Rock,443,850,0.1588,0.0094,0.0012,0.1694
2011,7/1/2011,DT,P   ,1P4,44,Temptation Rock,444,892,0.1009,0.0146,0.0056,0.1211
2011,6/29/2011,DT,P   ,1P5,45,Mayer's Peak,451,854,0.1569,0.0375,0.0269,0.2213
2011,6/29/2011,DT,P   ,1P5,45,Mayer's Peak,452,958,0.2067,0.0084,0.0177,0.2328
2011,6/29/2011,DT,P   ,1P5,45,Mayer's Peak,453,1018,0.1984,0.0069,0.0196,0.2249
2011,6/29/2011,DT,P   ,1P5,45,Mayer's Peak,454,921,0.2009,0.0228,0.0423,0.266
2011,6/27/2011,DT,P,1P6,46,Loggerhead Patch,461,2750,0.0313,0,0.0073,0.0386
2011,6/27/2011,DT,P,1P6,46,Loggerhead Patch,462,2802,0.0014,0,0,0.0014
2011,6/30/2011,DT         ,OD         ,1D1,82,Bird Key Reef,821,943,0.0721,0.0297,0.0032,0.105
2011,6/30/2011,DT         ,OD         ,1D1,82,Bird Key Reef,822,1001,0.1239,0.017,0.004,0.1449
2011,6/30/2011,DT         ,OD         ,1D1,82,Bird Key Reef,823,1018,0.0982,0.0324,0.0118,0.1424
2011,6/30/2011,DT         ,OD         ,1D1,82,Bird Key Reef,824,1130,0.1655,0.0088,0.0124,0.1867
2011,6/26/2011,DT         ,OD         ,1D2,83,Black Coral Rock,831,737,0.0855,0.0149,0.0027,0.1031
2011,6/26/2011,DT         ,OD         ,1D2,83,Black Coral Rock,832,946,0.0634,0.0074,0,0.0708
2011,6/26/2011,DT         ,OD         ,1D2,83,Black Coral Rock,833,763,0.0406,0.0118,0,0.0524
2011,6/26/2011,DT         ,OD         ,1D2,83,Black Coral Rock,834,739,0.1218,0.0081,0.0041,0.134
2012,6/1/2012,DT,P,1PA,27,The Maze,271,876,0.0776,0.0034,0.0251,0.1061
2012,6/1/2012,DT,P,1PA,27,The Maze,272,950,0.0389,0.0095,0.0116,0.06
2012,6/1/2012,DT,P,1PA,27,The Maze,273,1044,0.0383,0.0163,0.001,0.0556
2012,6/1/2012,DT,P,1PA,27,The Maze,274,962,0.0457,0.0073,0.0104,0.0634
2012,5/31/2012,DT,P,1PB,28,Davis Rock,281,970,0,0.0031,0,0.0031
2012,5/31/2012,DT,P,1PB,28,Davis Rock,282,720,0.0014,0.0083,0,0.0097
2012,5/31/2012,DT,P,1PB,28,Davis Rock,283,904,0,0.0088,0,0.0088
2012,5/31/2012,DT,P,1PB,28,Davis Rock,284,686,0,0.0015,0,0.0015
2012,6/1/2012,DT,P,1PC,29,Texas Rock,291,716,0.0014,0.0182,0,0.0196
2012,6/1/2012,DT,P,1PC,29,Texas Rock,292,950,0.0074,0.0053,0,0.0127
2012,6/1/2012,DT,P,1PC,29,Texas Rock,293,695,0.0014,0.0144,0,0.0158
2012,6/1/2012,DT,P,1PC,29,Texas Rock,294,1052,0.0171,0.019,0.0095,0.0456
2012,5/31/2012,DT         ,P          ,1P1,41,White Shoal,411,894,0.1208,0.0011,0.0157,0.1376
2012,5/31/2012,DT         ,P          ,1P1,41,White Shoal,412,929,0.2293,0.0032,0,0.2325
2012,5/31/2012,DT         ,P          ,1P1,41,White Shoal,413,927,0.1273,0,0.0032,0.1305
2012,5/31/2012,DT         ,P          ,1P1,41,White Shoal,414,914,0.1882,0.0088,0.0098,0.2068
2012,6/3/2012,DT,P   ,1P2,42,Palmata Patch,421,2588,0.2005,0.0008,0.0019,0.2032
2012,6/3/2012,DT,P   ,1P2,42,Palmata Patch,422,2825,0.0591,0,0.0039,0.063
2012,6/3/2012,DT,P   ,1P3,43,Prolifera Patch,431,2359,0.0131,0,0.0013,0.0144
2012,6/3/2012,DT,P   ,1P3,43,Prolifera Patch,432,2754,0.02,0,0.0091,0.0291
2012,6/3/2012,DT,P   ,1P3,43,Prolifera Patch,433,2581,0.0353,0,0.0151,0.0504
2012,6/4/2012,DT,P   ,1P4,44,Temptation Rock,441,927,0.1758,0.0076,0.0022,0.1856
2012,6/4/2012,DT,P   ,1P4,44,Temptation Rock,442,856,0.118,0.0082,0.0035,0.1297
2012,6/4/2012,DT,P   ,1P4,44,Temptation Rock,443,911,0.1317,0,0.0055,0.1372
2012,6/4/2012,DT,P   ,1P4,44,Temptation Rock,444,923,0.1224,0.0065,0.0043,0.1332
2012,6/6/2012,DT,P   ,1P5,45,Mayer's Peak,451,815,0.1583,0.0086,0.0294,0.1963
2012,6/6/2012,DT,P   ,1P5,45,Mayer's Peak,452,864,0.2373,0.0104,0.0289,0.2766
2012,6/6/2012,DT,P   ,1P5,45,Mayer's Peak,453,929,0.2314,0.0043,0.0183,0.254
2012,6/6/2012,DT,P   ,1P5,45,Mayer's Peak,454,881,0.1839,0.0057,0.0329,0.2225
2012,6/3/2012,DT,P,1P6,46,Loggerhead Patch,461,2583,0.0186,0,0.0004,0.019
2012,6/3/2012,DT,P,1P6,46,Loggerhead Patch,462,2771,0.0094,0,0,0.0094
2012,6/2/2012,DT         ,OD         ,1D1,82,Bird Key Reef,821,945,0.1598,0.0212,0.0011,0.1821
2012,6/2/2012,DT         ,OD         ,1D1,82,Bird Key Reef,822,981,0.1254,0.0082,0.002,0.1356
2012,6/2/2012,DT         ,OD         ,1D1,82,Bird Key Reef,823,1010,0.1257,0.0069,0.001,0.1336
2012,6/2/2012,DT         ,OD         ,1D1,82,Bird Key Reef,824,1144,0.1565,0.0044,0.0096,0.1705
2012,6/5/2012,DT         ,OD         ,1D2,83,Black Coral Rock,831,691,0.0535,0.0116,0.0029,0.068
2012,6/5/2012,DT         ,OD         ,1D2,83,Black Coral Rock,832,931,0.0376,0.0107,0,0.0483
2012,6/5/2012,DT         ,OD         ,1D2,83,Black Coral Rock,833,868,0.0346,0.0173,0,0.0519
2012,6/5/2012,DT         ,OD         ,1D2,83,Black Coral Rock,834,815,0.0589,0.0123,0.0025,0.0737
2013,6/4/2013,DT,P,1PA,27,The Maze,271,872,0.0837,0.0115,0.0103,0.1055
2013,6/4/2013,DT,P,1PA,27,The Maze,272,863,0.0406,0.0151,0,0.0557
2013,6/4/2013,DT,P,1PA,27,The Maze,273,987,0.0638,0.0051,0.001,0.0699
2013,6/4/2013,DT,P,1PA,27,The Maze,274,947,0.0539,0.0053,0.018,0.0772
2013,5/31/2013,DT,P,1PB,28,Davis Rock,281,997,0,0.01,0,0.01
2013,5/31/2013,DT,P,1PB,28,Davis Rock,282,722,0,0,0,0
2013,5/31/2013,DT,P,1PB,28,Davis Rock,283,862,0,0.0012,0,0.0012
2013,5/31/2013,DT,P,1PB,28,Davis Rock,284,755,0,0.0079,0,0.0079
2013,6/2/2013,DT,P,1PC,29,Texas Rock,291,898,0.0011,0.0234,0,0.0245
2013,6/2/2013,DT,P,1PC,29,Texas Rock,292,970,0.0093,0.0031,0.001,0.0134
2013,6/2/2013,DT,P,1PC,29,Texas Rock,293,735,0.0163,0.0136,0,0.0299
2013,6/2/2013,DT,P,1PC,29,Texas Rock,294,1205,0.0108,0.0241,0.0008,0.0357
2013,5/31/2013,DT         ,P          ,1P1,41,White Shoal,411,853,0.1372,0,0,0.1372
2013,5/31/2013,DT         ,P          ,1P1,41,White Shoal,412,904,0.1737,0.0066,0,0.1803
2013,5/31/2013,DT         ,P          ,1P1,41,White Shoal,413,847,0.1547,0,0,0.1547
2013,5/31/2013,DT         ,P          ,1P1,41,White Shoal,414,884,0.233,0.0034,0.0079,0.2443
2013,6/1/2013,DT,P   ,1P2,42,Palmata Patch,421,2476,0.1704,0,0.0044,0.1748
2013,6/1/2013,DT,P   ,1P2,42,Palmata Patch,422,2605,0.0499,0,0.0035,0.0534
2013,6/1/2013,DT,P   ,1P3,43,Prolifera Patch,431,2223,0.0126,0,0.0013,0.0139
2013,6/1/2013,DT,P   ,1P3,43,Prolifera Patch,432,2654,0.0215,0,0.0075,0.029
2013,6/1/2013,DT,P   ,1P3,43,Prolifera Patch,433,2410,0.0448,0,0.0216,0.0664
2013,6/2/2013,DT,P   ,1P4,44,Temptation Rock,441,842,0.1401,0.0119,0.0036,0.1556
2013,6/2/2013,DT,P   ,1P4,44,Temptation Rock,442,854,0.1335,0.0012,0.0082,0.1429
2013,6/2/2013,DT,P   ,1P4,44,Temptation Rock,443,817,0.1212,0.0012,0,0.1224
2013,6/2/2013,DT,P   ,1P4,44,Temptation Rock,444,825,0.1842,0.0073,0.0097,0.2012
2013,6/4/2013,DT,P   ,1P5,45,Mayer's Peak,451,766,0.1789,0.03,0.0039,0.2128
2013,6/4/2013,DT,P   ,1P5,45,Mayer's Peak,452,899,0.2881,0.0078,0.0067,0.3026
2013,6/4/2013,DT,P   ,1P5,45,Mayer's Peak,453,881,0.2724,0.0125,0.0057,0.2906
2013,6/4/2013,DT,P   ,1P5,45,Mayer's Peak,454,851,0.2303,0.0094,0.027,0.2667
2013,6/1/2013,DT,P,1P6,46,Loggerhead Patch,461,2440,0.0176,0,0.0037,0.0213
2013,6/1/2013,DT,P,1P6,46,Loggerhead Patch,462,2499,0.0088,0.0012,0,0.01
2013,9/6/2013,DT         ,OD         ,1D1,82,Bird Key Reef,821,893,0.0907,0.0202,0,0.1109
2013,9/6/2013,DT         ,OD         ,1D1,82,Bird Key Reef,822,920,0.1163,0.0087,0.0076,0.1326
2013,9/6/2013,DT         ,OD         ,1D1,82,Bird Key Reef,823,977,0.1361,0.0031,0.0072,0.1464
2013,9/6/2013,DT         ,OD         ,1D1,82,Bird Key Reef,824,1109,0.1876,0.0144,0.0099,0.2119
2013,9/6/2013,DT         ,OD         ,1D2,83,Black Coral Rock,831,777,0.0515,0.0103,0,0.0618
2013,9/6/2013,DT         ,OD         ,1D2,83,Black Coral Rock,832,847,0.0519,0.0047,0,0.0566
2013,6/3/2013,DT         ,OD         ,1D2,83,Black Coral Rock,833,766,0.0313,0.0235,0,0.0548
2013,6/3/2013,DT         ,OD         ,1D2,83,Black Coral Rock,834,733,0.1214,0.0218,0.0014,0.1446
2014,6/14/2014,DT,P,1PA,27,The Maze,271,964,0.1193,0.028,0.0062,0.1535
2014,6/14/2014,DT,P,1PA,27,The Maze,272,937,0.0299,0.0149,0.0011,0.0459
2014,6/14/2014,DT,P,1PA,27,The Maze,273,935,0.0781,0.0139,0,0.092
2014,6/14/2014,DT,P,1PA,27,The Maze,274,896,0.0301,0.0056,0,0.0357
2014,6/10/2014,DT,P,1PB,28,Davis Rock,281,1081,0,0.0305,0,0.0305
2014,6/10/2014,DT,P,1PB,28,Davis Rock,282,863,0,0.0406,0,0.0406
2014,6/10/2014,DT,P,1PB,28,Davis Rock,283,1089,0,0.0092,0,0.0092
2014,6/10/2014,DT,P,1PB,28,Davis Rock,284,923,0,0.0195,0,0.0195
2014,6/11/2014,DT,P,1PC,29,Texas Rock,291,845,0.0012,0.0343,0,0.0355
2014,6/11/2014,DT,P,1PC,29,Texas Rock,292,959,0.0042,0.0021,0.0021,0.0084
2014,6/11/2014,DT,P,1PC,29,Texas Rock,293,820,0,0.0451,0,0.0451
2014,6/11/2014,DT,P,1PC,29,Texas Rock,294,1251,0.0168,0.04,0.0032,0.06
2014,6/10/2014,DT         ,P          ,1P1,41,White Shoal,411,898,0.1347,0.0045,0,0.1392
2014,6/10/2014,DT         ,P          ,1P1,41,White Shoal,412,985,0.2315,0.0091,0,0.2406
2014,6/10/2014,DT         ,P          ,1P1,41,White Shoal,413,1011,0.1563,0.002,0,0.1583
2014,6/10/2014,DT         ,P          ,1P1,41,White Shoal,414,841,0.2378,0.0178,0.0119,0.2675
2014,6/12/2014,DT,P   ,1P2,42,Palmata Patch,421,2804,0.2004,0.0014,0.0075,0.2093
2014,6/12/2014,DT,P   ,1P2,42,Palmata Patch,422,3220,0.0814,0,0.0053,0.0867
2014,6/12/2014,DT,P   ,1P3,43,Prolifera Patch,431,2475,0.0222,0,0.0008,0.023
2014,6/12/2014,DT,P   ,1P3,43,Prolifera Patch,432,2807,0.02,0,0.0053,0.0253
2014,6/12/2014,DT,P   ,1P3,43,Prolifera Patch,433,2850,0.0421,0,0.0211,0.0632
2014,6/15/2014,DT,P   ,1P4,44,Temptation Rock,441,779,0.1348,0.0103,0.0141,0.1592
2014,6/15/2014,DT,P   ,1P4,44,Temptation Rock,442,798,0.119,0.0113,0.0063,0.1366
2014,6/15/2014,DT,P   ,1P4,44,Temptation Rock,443,862,0.0824,0.0081,0.0023,0.0928
2014,6/15/2014,DT,P   ,1P4,44,Temptation Rock,444,844,0.0972,0.0249,0.0047,0.1268
2014,6/14/2014,DT,P   ,1P5,45,Mayer's Peak,451,831,0.1721,0.012,0.0036,0.1877
2014,6/14/2014,DT,P   ,1P5,45,Mayer's Peak,452,992,0.249,0.0212,0.002,0.2722
2014,6/14/2014,DT,P   ,1P5,45,Mayer's Peak,453,989,0.2659,0.0313,0.0152,0.3124
2014,6/14/2014,DT,P   ,1P5,45,Mayer's Peak,454,943,0.2163,0.0212,0.0233,0.2608
2014,6/10/2014,DT,P,1P6,46,Loggerhead Patch,461,2795,0.0236,0,0.0007,0.0243
2014,6/10/2014,DT,P,1P6,46,Loggerhead Patch,462,2868,0.008,0,0,0.008
2014,6/11/2014,DT         ,OD         ,1D1,82,Bird Key Reef,821,1041,0.0941,0.0442,0,0.1383
2014,6/11/2014,DT         ,OD         ,1D1,82,Bird Key Reef,822,1106,0.1429,0.0081,0.0045,0.1555
2014,6/11/2014,DT         ,OD         ,1D1,82,Bird Key Reef,823,1118,0.1181,0.0134,0.0072,0.1387
2014,6/11/2014,DT         ,OD         ,1D1,82,Bird Key Reef,824,1239,0.1614,0.0339,0.0056,0.2009
2014,6/13/2014,DT         ,OD         ,1D2,83,Black Coral Rock,831,780,0.0462,0.0115,0,0.0577
2014,6/13/2014,DT         ,OD         ,1D2,83,Black Coral Rock,832,948,0.0665,0.0084,0.0011,0.076
2014,6/13/2014,DT         ,OD         ,1D2,83,Black Coral Rock,833,787,0.0737,0.014,0.0025,0.0902
2014,6/13/2014,DT         ,OD         ,1D2,83,Black Coral Rock,834,739,0.1434,0.0149,0.0014,0.1597
2015,6/13/2015,DT,P,1PA,27,The Maze,271,935,0.0877,0.0225,0.0086,0.1188
2015,6/13/2015,DT,P,1PA,27,The Maze,272,1008,0.0466,0.0427,0,0.0893
2015,6/13/2015,DT,P,1PA,27,The Maze,273,1061,0.0613,0.0151,0.0009,0.0773
2015,6/13/2015,DT,P,1PA,27,The Maze,274,980,0.0673,0.0082,0,0.0755
2015,6/9/2015,DT,P,1PB,28,Davis Rock,281,1035,0,0.0087,0,0.0087
2015,6/9/2015,DT,P,1PB,28,Davis Rock,282,820,0,0.0207,0,0.0207
2015,6/9/2015,DT,P,1PB,28,Davis Rock,283,1033,0.001,0.0136,0,0.0146
2015,6/9/2015,DT,P,1PB,28,Davis Rock,284,821,0,0.011,0,0.011
2015,6/12/2015,DT,P,1PC,29,Texas Rock,291,870,0.0023,0.0253,0.0011,0.0287
2015,6/12/2015,DT,P,1PC,29,Texas Rock,292,993,0.002,0.0161,0.002,0.0201
2015,6/12/2015,DT,P,1PC,29,Texas Rock,293,786,0,0.0318,0,0.0318
2015,6/12/2015,DT,P,1PC,29,Texas Rock,294,1223,0.0155,0.0164,0.0025,0.0344
2015,6/9/2015,DT         ,P          ,1P1,41,White Shoal,411,880,0.1614,0.0023,0,0.1637
2015,6/9/2015,DT         ,P          ,1P1,41,White Shoal,412,947,0.1711,0,0,0.1711
2015,6/9/2015,DT         ,P          ,1P1,41,White Shoal,413,902,0.102,0,0,0.102
2015,6/9/2015,DT         ,P          ,1P1,41,White Shoal,414,903,0.1307,0.0055,0.0089,0.1451
2015,6/11/2015,DT,P   ,1P2,42,Palmata Patch,421,2504,0.2049,0,0.0088,0.2137
2015,6/11/2015,DT,P   ,1P2,42,Palmata Patch,422,2849,0.0555,0.0004,0.0042,0.0601
2015,6/11/2015,DT,P   ,1P3,43,Prolifera Patch,431,2200,0.0186,0,0,0.0186
2015,6/11/2015,DT,P   ,1P3,43,Prolifera Patch,432,2510,0.0195,0.0004,0.0108,0.0307
2015,6/11/2015,DT,P   ,1P3,43,Prolifera Patch,433,2486,0.0394,0,0.0237,0.0631
2015,6/12/2015,DT,P   ,1P4,44,Temptation Rock,441,906,0.074,0.0077,0.0199,0.1016
2015,6/12/2015,DT,P   ,1P4,44,Temptation Rock,442,982,0.0733,0.0092,0.0143,0.0968
2015,6/12/2015,DT,P   ,1P4,44,Temptation Rock,443,960,0.0729,0.0188,0.0104,0.1021
2015,6/12/2015,DT,P   ,1P4,44,Temptation Rock,444,963,0.0831,0.0114,0.0031,0.0976
2015,6/14/2015,DT,P   ,1P5,45,Mayer's Peak,451,822,0.1813,0.0109,0,0.1922
2015,6/14/2015,DT,P   ,1P5,45,Mayer's Peak,452,936,0.2842,0.0085,0.0118,0.3045
2015,6/14/2015,DT,P   ,1P5,45,Mayer's Peak,453,961,0.1925,0.0198,0.0166,0.2289
2015,6/14/2015,DT,P   ,1P5,45,Mayer's Peak,454,869,0.2117,0.0184,0.0219,0.252
2015,6/10/2015,DT,P,1P6,46,Loggerhead Patch,461,2853,0.0168,0,0.0007,0.0175
2015,6/10/2015,DT,P,1P6,46,Loggerhead Patch,462,2680,0.0138,0.0004,0,0.0142
2015,6/7/2015,DT         ,OD         ,1D1,82,Bird Key Reef,821,920,0.063,0.0163,0,0.0793
2015,6/7/2015,DT         ,OD         ,1D1,82,Bird Key Reef,822,955,0.134,0.0084,0,0.1424
2015,6/7/2015,DT         ,OD         ,1D1,82,Bird Key Reef,823,976,0.1035,0.0092,0.0041,0.1168
2015,6/7/2015,DT         ,OD         ,1D1,82,Bird Key Reef,824,1208,0.1664,0.0166,0.0141,0.1971
2015,6/10/2015,DT         ,OD         ,1D2,83,Black Coral Rock,831,801,0.0487,0.0187,0.0025,0.0699
2015,6/10/2015,DT         ,OD         ,1D2,83,Black Coral Rock,832,899,0.0567,0.0156,0,0.0723
2015,6/10/2015,DT         ,OD         ,1D2,83,Black Coral Rock,833,858,0.0816,0.0198,0.0012,0.1026
2015,6/10/2015,DT         ,OD         ,1D2,83,Black Coral Rock,834,825,0.0764,0.023,0.0073,0.1067
2016,6/10/2016,DT,P,1PA,27,The Maze,271,815,0.1497,0.0331,0.0061,0.1889
2016,6/10/2016,DT,P,1PA,27,The Maze,272,746,0.067,0.0214,0.0027,0.0911
2016,6/10/2016,DT,P,1PA,27,The Maze,273,890,0.1056,0.0213,0,0.1269
2016,6/10/2016,DT,P,1PA,27,The Maze,274,801,0.0637,0.015,0.0075,0.0862
2016,6/9/2016,DT,P,1PB,28,Davis Rock,281,987,0,0.0203,0,0.0203
2016,6/9/2016,DT,P,1PB,28,Davis Rock,282,786,0,0.0115,0,0.0115
2016,6/9/2016,DT,P,1PB,28,Davis Rock,283,952,0,0.0168,0,0.0168
2016,6/9/2016,DT,P,1PB,28,Davis Rock,284,810,0,0.0136,0,0.0136
2016,6/9/2016,DT,P,1PC,29,Texas Rock,291,848,0.0024,0.0165,0,0.0189
2016,6/9/2016,DT,P,1PC,29,Texas Rock,292,1035,0.0029,0.0048,0.0174,0.0251
2016,6/9/2016,DT,P,1PC,29,Texas Rock,293,773,0,0.0375,0,0.0375
2016,6/9/2016,DT,P,1PC,29,Texas Rock,294,1225,0.0147,0.0302,0.0016,0.0465
2016,6/12/2016,DT         ,P          ,1P1,41,White Shoal,411,916,0.0841,0,0,0.0841
2016,6/12/2016,DT         ,P          ,1P1,41,White Shoal,412,955,0.1812,0.0094,0,0.1906
2016,6/12/2016,DT         ,P          ,1P1,41,White Shoal,413,927,0.1262,0,0,0.1262
2016,6/12/2016,DT         ,P          ,1P1,41,White Shoal,414,916,0.1812,0.0142,0.012,0.2074
2016,6/13/2016,DT,P   ,1P2,42,Palmata Patch,421,3168,0.1862,0,0.0114,0.1976
2016,6/13/2016,DT,P   ,1P2,42,Palmata Patch,422,2942,0.0656,0,0.0061,0.0717
2016,6/13/2016,DT,P   ,1P3,43,Prolifera Patch,431,2345,0.0264,0,0.0043,0.0307
2016,6/13/2016,DT,P   ,1P3,43,Prolifera Patch,432,2848,0.0281,0,0.0053,0.0334
2016,6/13/2016,DT,P   ,1P3,43,Prolifera Patch,433,2620,0.0546,0,0.0111,0.0657
2016,6/9/2016,DT,P   ,1P4,44,Temptation Rock,441,853,0.1301,0.0176,0.0047,0.1524
2016,6/9/2016,DT,P   ,1P4,44,Temptation Rock,442,859,0.0896,0.0151,0.0116,0.1163
2016,6/9/2016,DT,P   ,1P4,44,Temptation Rock,443,831,0.1047,0.0048,0.0096,0.1191
2016,6/9/2016,DT,P   ,1P4,44,Temptation Rock,444,919,0.1153,0.0174,0.0087,0.1414
2016,6/10/2016,DT,P   ,1P5,45,Mayer's Peak,451,836,0.2105,0.0263,0,0.2368
2016,6/10/2016,DT,P   ,1P5,45,Mayer's Peak,452,907,0.3021,0.0143,0.0055,0.3219
2016,6/10/2016,DT,P   ,1P5,45,Mayer's Peak,453,918,0.3017,0.0174,0.0153,0.3344
2016,6/10/2016,DT,P   ,1P5,45,Mayer's Peak,454,872,0.2718,0.0252,0.0401,0.3371
2016,6/12/2016,DT,P,1P6,46,Loggerhead Patch,461,2887,0.0239,0.0007,0.0038,0.0284
2016,6/12/2016,DT,P,1P6,46,Loggerhead Patch,462,2675,0.0116,0,0,0.0116
2016,6/12/2016,DT         ,OD         ,1D1,82,Bird Key Reef,821,931,0.0859,0.0279,0,0.1138
2016,6/12/2016,DT         ,OD         ,1D1,82,Bird Key Reef,822,929,0.1324,0.0097,0.0011,0.1432
2016,6/12/2016,DT         ,OD         ,1D1,82,Bird Key Reef,823,1008,0.123,0.004,0.001,0.128
2016,6/12/2016,DT         ,OD         ,1D1,82,Bird Key Reef,824,1177,0.1946,0.017,0.0127,0.2243
2016,6/11/2016,DT         ,OD         ,1D2,83,Black Coral Rock,831,734,0.0981,0.0109,0.0027,0.1117
2016,6/11/2016,DT         ,OD         ,1D2,83,Black Coral Rock,832,813,0.075,0.0086,0.0086,0.0922
2016,6/11/2016,DT         ,OD         ,1D2,83,Black Coral Rock,833,873,0.0997,0.0137,0.0046,0.118
2016,6/11/2016,DT         ,OD         ,1D2,83,Black Coral Rock,834,833,0.0696,0.0192,0.0024,0.0912
2017,6/14/2017,DT,P,1PA,27,The Maze,271,880,0.092,0.033,0.008,0.133
2017,6/14/2017,DT,P,1PA,27,The Maze,272,908,0.0584,0.0286,0,0.087
2017,6/14/2017,DT,P,1PA,27,The Maze,273,1044,0.0766,0.0125,0.001,0.0901
2017,6/14/2017,DT,P,1PA,27,The Maze,274,968,0.0548,0.0124,0.0041,0.0713
2017,6/13/2017,DT,P,1PB,28,Davis Rock,281,986,0,0.0172,0,0.0172
2017,6/13/2017,DT,P,1PB,28,Davis Rock,282,794,0,0.0403,0,0.0403
2017,6/13/2017,DT,P,1PB,28,Davis Rock,283,923,0,0.013,0,0.013
2017,6/13/2017,DT,P,1PB,28,Davis Rock,284,761,0,0.025,0,0.025
2017,6/13/2017,DT,P,1PC,29,Texas Rock,291,870,0.0011,0.0287,0,0.0298
2017,6/13/2017,DT,P,1PC,29,Texas Rock,292,906,0.0066,0.0099,0.0088,0.0253
2017,6/13/2017,DT,P,1PC,29,Texas Rock,293,730,0.0041,0.0192,0,0.0233
2017,6/13/2017,DT,P,1PC,29,Texas Rock,294,1141,0.0079,0.0237,0,0.0316
2017,6/15/2017,DT         ,P          ,1P1,41,White Shoal,411,932,0.117,0.0075,0,0.1245
2017,6/15/2017,DT         ,P          ,1P1,41,White Shoal,412,934,0.2195,0.0075,0,0.227
2017,6/15/2017,DT         ,P          ,1P1,41,White Shoal,413,899,0.1735,0.0011,0.0011,0.1757
2017,6/15/2017,DT         ,P          ,1P1,41,White Shoal,414,873,0.2222,0.0057,0.0206,0.2485
2017,6/16/2017,DT,P   ,1P2,42,Palmata Patch,421,2331,0.2299,0.0009,0.0082,0.239
2017,6/16/2017,DT,P   ,1P2,42,Palmata Patch,422,2839,0.0877,0.0004,0.0046,0.0927
2017,6/16/2017,DT,P   ,1P3,43,Prolifera Patch,431,2140,0.0075,0.0005,0.0023,0.0103
2017,6/16/2017,DT,P   ,1P3,43,Prolifera Patch,432,2527,0.0388,0,0.0107,0.0495
2017,6/16/2017,DT,P   ,1P3,43,Prolifera Patch,433,2512,0.0581,0,0.0251,0.0832
2017,6/14/2017,DT,P   ,1P4,44,Temptation Rock,441,786,0.1183,0.0089,0.0242,0.1514
2017,6/14/2017,DT,P   ,1P4,44,Temptation Rock,442,823,0.1227,0.0061,0.0073,0.1361
2017,6/14/2017,DT,P   ,1P4,44,Temptation Rock,443,891,0.0909,0.0067,0.0034,0.101
2017,6/14/2017,DT,P   ,1P4,44,Temptation Rock,444,883,0.1495,0.0045,0.0045,0.1585
2017,6/14/2017,DT,P   ,1P5,45,Mayer's Peak,451,770,0.2325,0.013,0.0052,0.2507
2017,6/14/2017,DT,P   ,1P5,45,Mayer's Peak,452,874,0.2769,0.0126,0.0103,0.2998
2017,6/14/2017,DT,P   ,1P5,45,Mayer's Peak,453,870,0.2184,0.0149,0.0115,0.2448
2017,6/14/2017,DT,P   ,1P5,45,Mayer's Peak,454,825,0.3055,0.0279,0.0194,0.3528
2017,6/16/2017,DT,P,1P6,46,Loggerhead Patch,461,2671,0.0423,0.0007,0.0004,0.0434
2017,6/16/2017,DT,P,1P6,46,Loggerhead Patch,462,2867,0.0077,0,0.0021,0.0098
2017,6/17/2017,DT         ,OD         ,1D1,82,Bird Key Reef,821,922,0.077,0.0174,0,0.0944
2017,6/17/2017,DT         ,OD         ,1D1,82,Bird Key Reef,822,924,0.1591,0.0032,0.0043,0.1666
2017,6/12/2017,DT         ,OD         ,1D1,82,Bird Key Reef,823,969,0.129,0.0124,0.0062,0.1476
2017,6/17/2017,DT         ,OD         ,1D1,82,Bird Key Reef,824,1181,0.1981,0.0102,0.0119,0.2202
2017,6/15/2017,DT         ,OD         ,1D2,83,Black Coral Rock,831,721,0.0652,0.0097,0.0083,0.0832
2017,6/15/2017,DT         ,OD         ,1D2,83,Black Coral Rock,832,895,0.0983,0.0101,0,0.1084
2017,6/15/2017,DT         ,OD         ,1D2,83,Black Coral Rock,833,770,0.0623,0.0182,0.0039,0.0844
2017,6/15/2017,DT         ,OD         ,1D2,83,Black Coral Rock,834,774,0.0607,0.022,0,0.0827
2018,9/12/2018,DT,P,1PA,27,The Maze,271,857,0.1202,0.0373,0.0117,0.1692
2018,9/12/2018,DT,P,1PA,27,The Maze,272,884,0.0713,0.0351,0,0.1064
2018,9/12/2018,DT,P,1PA,27,The Maze,273,1017,0.0796,0.0128,0,0.0924
2018,9/12/2018,DT,P,1PA,27,The Maze,274,972,0.0607,0.0195,0.0062,0.0864
2018,9/11/2018,DT,P,1PB,28,Davis Rock,281,954,0.0021,0.0241,0,0.0262
2018,9/11/2018,DT,P,1PB,28,Davis Rock,282,893,0,0.028,0,0.028
2018,9/11/2018,DT,P,1PB,28,Davis Rock,283,953,0,0.0199,0,0.0199
2018,9/11/2018,DT,P,1PB,28,Davis Rock,284,835,0,0.0216,0,0.0216
2018,9/11/2018,DT,P,1PC,29,Texas Rock,291,863,0,0.0267,0,0.0267
2018,9/11/2018,DT,P,1PC,29,Texas Rock,292,884,0.0057,0.0068,0.0023,0.0148
2018,9/11/2018,DT,P,1PC,29,Texas Rock,293,782,0.0115,0.0307,0,0.0422
2018,9/11/2018,DT,P,1PC,29,Texas Rock,294,1211,0.0206,0.0438,0,0.0644
2018,9/13/2018,DT         ,P          ,1P1,41,White Shoal,411,840,0.0905,0.0071,0,0.0976
2018,9/13/2018,DT         ,P          ,1P1,41,White Shoal,412,918,0.1514,0.0196,0,0.171
2018,9/13/2018,DT         ,P          ,1P1,41,White Shoal,413,856,0.1145,0.0012,0.0023,0.118
2018,9/13/2018,DT         ,P          ,1P1,41,White Shoal,414,791,0.1669,0.0228,0.0126,0.2023
2018,9/15/2018,DT,P   ,1P2,42,Palmata Patch,421,2657,0.2175,0.0011,0.0056,0.2242
2018,9/15/2018,DT,P   ,1P2,42,Palmata Patch,422,2824,0.0648,0.0004,0.0078,0.073
2018,9/16/2018,DT,P   ,1P3,43,Prolifera Patch,431,2094,0.0315,0,0.0076,0.0391
2018,9/16/2018,DT,P   ,1P3,43,Prolifera Patch,432,2451,0.0351,0,0.0118,0.0469
2018,9/16/2018,DT,P   ,1P3,43,Prolifera Patch,433,2482,0.0774,0,0.0238,0.1012
2018,9/12/2018,DT,P   ,1P4,44,Temptation Rock,441,983,0.234,0.0224,0.0081,0.2645
2018,9/12/2018,DT,P   ,1P4,44,Temptation Rock,442,983,0.1872,0.0132,0.0102,0.2106
2018,9/12/2018,DT,P   ,1P4,44,Temptation Rock,443,978,0.0992,0.0174,0.0184,0.135
2018,9/12/2018,DT,P   ,1P4,44,Temptation Rock,444,966,0.1957,0.0207,0.0093,0.2257
2018,9/12/2018,DT,P   ,1P5,45,Mayer's Peak,451,828,0.2234,0.0169,0.0121,0.2524
2018,9/12/2018,DT,P   ,1P5,45,Mayer's Peak,452,986,0.3458,0.0193,0.0061,0.3712
2018,9/12/2018,DT,P   ,1P5,45,Mayer's Peak,453,1002,0.2395,0.0279,0.019,0.2864
2018,9/12/2018,DT,P   ,1P5,45,Mayer's Peak,454,959,0.268,0.0355,0.0334,0.3369
2018,9/13/2018,DT,P,1P6,46,Loggerhead Patch,461,2615,0.0459,0,0.0019,0.0478
2018,9/13/2018,DT,P,1P6,46,Loggerhead Patch,462,2651,0.0049,0,0.0011,0.006
2018,9/15/2018,DT         ,OD         ,1D1,82,Bird Key Reef,821,972,0.1111,0.0247,0,0.1358
2018,9/15/2018,DT         ,OD         ,1D1,82,Bird Key Reef,822,1049,0.1582,0.0095,0.0019,0.1696
2018,9/15/2018,DT         ,OD         ,1D1,82,Bird Key Reef,823,1197,0.1429,0.0276,0.0025,0.173
2018,9/15/2018,DT         ,OD         ,1D1,82,Bird Key Reef,824,1159,0.214,0.0233,0.0121,0.2494
2018,9/14/2018,DT         ,OD         ,1D2,83,Black Coral Rock,831,881,0.0738,0.0068,0,0.0806
2018,9/14/2018,DT         ,OD         ,1D2,83,Black Coral Rock,832,1037,0.1157,0,0.0135,0.1292
2018,9/14/2018,DT         ,OD         ,1D2,83,Black Coral Rock,833,888,0.0349,0.0158,0.0034,0.0541
2018,9/14/2018,DT         ,OD         ,1D2,83,Black Coral Rock,834,809,0.1014,0.0198,0.0012,0.1224
2019,8/14/2019,DT,P,1PA,27,The Maze,271,739,0.0825,0.0271,0.0081,0.1177
2019,8/14/2019,DT,P,1PA,27,The Maze,272,788,0.0761,0.0266,0,0.1027
2019,8/14/2019,DT,P,1PA,27,The Maze,273,971,0.0433,0.0093,0,0.0526
2019,8/14/2019,DT,P,1PA,27,The Maze,274,820,0.0817,0.0232,0.0037,0.1086
2019,8/13/2019,DT,P,1PB,28,Davis Rock,281,824,0,0.0182,0,0.0182
2019,8/13/2019,DT,P,1PB,28,Davis Rock,282,748,0,0.0414,0,0.0414
2019,8/13/2019,DT,P,1PB,28,Davis Rock,283,882,0,0.0272,0,0.0272
2019,8/13/2019,DT,P,1PB,28,Davis Rock,284,764,0,0.0301,0,0.0301
2019,8/13/2019,DT,P,1PC,29,Texas Rock,291,926,0,0.0259,0,0.0259
2019,8/13/2019,DT,P,1PC,29,Texas Rock,292,876,0.008,0.0137,0,0.0217
2019,8/13/2019,DT,P,1PC,29,Texas Rock,293,745,0.0013,0.0295,0,0.0308
2019,8/13/2019,DT,P,1PC,29,Texas Rock,294,1081,0.0111,0.0435,0.0019,0.0565
2019,8/16/2019,DT         ,P          ,1P1,41,White Shoal,411,808,0.0644,0.0037,0.0012,0.0693
2019,8/16/2019,DT         ,P          ,1P1,41,White Shoal,412,817,0.1457,0.0196,0,0.1653
2019,8/16/2019,DT         ,P          ,1P1,41,White Shoal,413,795,0.122,0.0013,0,0.1233
2019,8/16/2019,DT         ,P          ,1P1,41,White Shoal,414,836,0.1053,0.0203,0.0108,0.1364
2019,8/17/2019,DT,P   ,1P2,42,Palmata Patch,421,2305,0.2165,0.003,0.01,0.2295
2019,8/17/2019,DT,P   ,1P2,42,Palmata Patch,422,2722,0.0713,0,0.0092,0.0805
2019,8/17/2019,DT,P   ,1P3,43,Prolifera Patch,431,2282,0.0342,0,0.0026,0.0368
2019,8/17/2019,DT,P   ,1P3,43,Prolifera Patch,432,2591,0.0506,0.0004,0.0112,0.0622
2019,8/17/2019,DT,P   ,1P3,43,Prolifera Patch,433,2489,0.0747,0,0.0281,0.1028
2019,8/14/2019,DT,P   ,1P4,44,Temptation Rock,441,756,0.086,0.0172,0.0172,0.1204
2019,8/14/2019,DT,P   ,1P4,44,Temptation Rock,442,837,0.0992,0.0084,0.0096,0.1172
2019,8/14/2019,DT,P   ,1P4,44,Temptation Rock,443,876,0.0856,0.0046,0.0011,0.0913
2019,8/14/2019,DT,P   ,1P4,44,Temptation Rock,444,892,0.1076,0.0123,0.0034,0.1233
2019,8/14/2019,DT,P   ,1P5,45,Mayer's Peak,451,768,0.2122,0.0352,0,0.2474
2019,8/8/2019,DT,P   ,1P5,45,Mayer's Peak,452,836,0.2309,0.0144,0.006,0.2513
2019,8/14/2019,DT,P   ,1P5,45,Mayer's Peak,453,876,0.1279,0.0228,0.008,0.1587
2019,8/14/2019,DT,P   ,1P5,45,Mayer's Peak,454,784,0.1633,0.0421,0.0077,0.2131
2019,8/16/2019,DT,P,1P6,46,Loggerhead Patch,461,2320,0.0341,0,0.0017,0.0358
2019,8/16/2019,DT,P,1P6,46,Loggerhead Patch,462,2578,0.0062,0,0.0008,0.007
2019,8/17/2019,DT         ,OD         ,1D1,82,Bird Key Reef,821,839,0.1144,0.0393,0,0.1537
2019,8/17/2019,DT         ,OD         ,1D1,82,Bird Key Reef,822,784,0.2003,0.0077,0.0026,0.2106
2019,8/17/2019,DT         ,OD         ,1D1,82,Bird Key Reef,823,960,0.1667,0.0167,0,0.1834
2019,8/17/2019,DT         ,OD         ,1D1,82,Bird Key Reef,824,1042,0.2361,0.0173,0.0038,0.2572
2019,8/15/2019,DT         ,OD         ,1D2,83,Black Coral Rock,831,881,0.0795,0.0114,0.0023,0.0932
2019,8/15/2019,DT         ,OD         ,1D2,83,Black Coral Rock,832,894,0.0794,0.0112,0,0.0906
2019,8/15/2019,DT         ,OD         ,1D2,83,Black Coral Rock,833,942,0.0276,0.0244,0.0011,0.0531
2019,8/15/2019,DT         ,OD         ,1D2,83,Black Coral Rock,834,889,0.0742,0.0247,0.0011,0.1
2020,8/13/2020,DT,P,1PA,27,The Maze,271,876,0.1267,0.0274,0.0205,0.1746
2020,8/13/2020,DT,P,1PA,27,The Maze,272,907,0.0827,0.0353,0.0022,0.1202
2020,8/13/2020,DT,P,1PA,27,The Maze,273,893,0.0571,0.0213,0,0.0784
2020,8/13/2020,DT,P,1PA,27,The Maze,274,918,0.0882,0.0109,0.0054,0.1045
2020,8/11/2020,DT,P,1PB,28,Davis Rock,281,907,0,0.0276,0,0.0276
2020,8/11/2020,DT,P,1PB,28,Davis Rock,282,819,0,0.0562,0.0024,0.0586
2020,8/11/2020,DT,P,1PB,28,Davis Rock,283,903,0,0.0078,0,0.0078
2020,8/11/2020,DT,P,1PB,28,Davis Rock,284,802,0,0.0125,0,0.0125
2020,8/11/2020,DT,P,1PC,29,Texas Rock,291,896,0,0.029,0.0011,0.0301
2020,8/11/2020,DT,P,1PC,29,Texas Rock,292,911,0.0099,0.0165,0.0055,0.0319
2020,8/11/2020,DT,P,1PC,29,Texas Rock,293,765,0.0052,0.0418,0,0.047
2020,8/11/2020,DT,P,1PC,29,Texas Rock,294,1057,0.0085,0.0227,0,0.0312
2020,8/15/2020,DT         ,P          ,1P1,41,White Shoal,411,864,0.0613,0.0197,0,0.081
2020,8/15/2020,DT         ,P          ,1P1,41,White Shoal,412,850,0.1835,0.0129,0.0024,0.1988
2020,8/15/2020,DT         ,P          ,1P1,41,White Shoal,413,807,0.1859,0.0025,0.0012,0.1896
2020,8/15/2020,DT         ,P          ,1P1,41,White Shoal,414,941,0.1658,0.0106,0.0181,0.1945
2020,8/12/2020,DT,P   ,1P2,42,Palmata Patch,421,2771,0.1404,0.0025,0.0058,0.1487
2020,8/12/2020,DT,P   ,1P2,42,Palmata Patch,422,2986,0.0566,0,0.0077,0.0643
2020,8/12/2020,DT,P   ,1P3,43,Prolifera Patch,431,2482,0.0258,0,0.0032,0.029
2020,8/12/2020,DT,P   ,1P3,43,Prolifera Patch,432,2781,0.0449,0,0.0169,0.0618
2020,8/12/2020,DT,P   ,1P3,43,Prolifera Patch,433,2764,0.0568,0.0004,0.0195,0.0767
2020,8/13/2020,DT,P   ,1P4,44,Temptation Rock,441,823,0.2017,0.0243,0.0328,0.2588
2020,8/13/2020,DT,P   ,1P4,44,Temptation Rock,442,918,0.1688,0.0153,0.0142,0.1983
2020,8/13/2020,DT,P   ,1P4,44,Temptation Rock,443,880,0.1159,0.017,0.0216,0.1545
2020,8/13/2020,DT,P   ,1P4,44,Temptation Rock,444,884,0.1629,0.0147,0,0.1776
2020,8/13/2020,DT,P   ,1P5,45,Mayer's Peak,451,829,0.269,0.0338,0.0145,0.3173
2020,8/13/2020,DT,P   ,1P5,45,Mayer's Peak,452,841,0.2271,0.019,0.0119,0.258
2020,8/13/2020,DT,P   ,1P5,45,Mayer's Peak,453,875,0.2183,0.0229,0.008,0.2492
2020,8/13/2020,DT,P   ,1P5,45,Mayer's Peak,454,814,0.2445,0.0307,0.0467,0.3219
2020,8/15/2020,DT,P,1P6,46,Loggerhead Patch,461,2490,0.0305,0,0.0024,0.0329
2020,8/15/2020,DT,P,1P6,46,Loggerhead Patch,462,2631,0.0053,0,0.0011,0.0064
2020,8/12/2020,DT         ,OD         ,1D1,82,Bird Key Reef,821,976,0.1342,0.0195,0.001,0.1547
2020,8/12/2020,DT         ,OD         ,1D1,82,Bird Key Reef,822,948,0.1719,0.0042,0.0011,0.1772
2020,8/12/2020,DT         ,OD         ,1D1,82,Bird Key Reef,823,946,0.1469,0.0211,0.0021,0.1701
2020,8/12/2020,DT         ,OD         ,1D1,82,Bird Key Reef,824,974,0.2259,0.0246,0.001,0.2515
2020,8/14/2020,DT         ,OD         ,1D2,83,Black Coral Rock,831,834,0.0875,0.0156,0.0024,0.1055
2020,8/14/2020,DT         ,OD         ,1D2,83,Black Coral Rock,832,879,0.0865,0.0137,0,0.1002
2020,8/14/2020,DT         ,OD         ,1D2,83,Black Coral Rock,833,876,0.0605,0.0263,0.0046,0.0914
2020,8/14/2020,DT         ,OD         ,1D2,83,Black Coral Rock,834,764,0.0812,0.0275,0.0013,0.11
2021,10/8/2021,DT,P,1PA,27,The Maze,271,876,0.0947,0.0422,0.0057,0.1426
2021,10/8/2021,DT,P,1PA,27,The Maze,272,914,0.0974,0.0383,0.0011,0.1368
2021,10/8/2021,DT,P,1PA,27,The Maze,273,991,0.0575,0.0484,0,0.1059
2021,10/8/2021,DT,P,1PA,27,The Maze,274,1002,0.0818,0.024,0.006,0.1118
2021,10/6/2021,DT,P,1PB,28,Davis Rock,281,930,0,0.0419,0,0.0419
2021,10/6/2021,DT,P,1PB,28,Davis Rock,282,818,0,0.0489,0,0.0489
2021,10/6/2021,DT,P,1PB,28,Davis Rock,283,986,0,0.0314,0,0.0314
2021,10/6/2021,DT,P,1PB,28,Davis Rock,284,813,0,0.0209,0,0.0209
2021,10/6/2021,DT,P,1PC,29,Texas Rock,291,855,0.0012,0.0363,0.0023,0.0398
2021,10/6/2021,DT,P,1PC,29,Texas Rock,292,1025,0.002,0.0263,0.0117,0.04
2021,10/6/2021,DT,P,1PC,29,Texas Rock,293,776,0.0052,0.0786,0,0.0838
2021,10/6/2021,DT,P,1PC,29,Texas Rock,294,1161,0.0181,0.0525,0.0026,0.0732
2021,10/10/2021,DT         ,P          ,1P1,41,White Shoal,411,903,0.1174,0.0155,0,0.1329
2021,10/10/2021,DT         ,P          ,1P1,41,White Shoal,412,913,0.149,0.0153,0.0011,0.1654
2021,10/10/2021,DT         ,P          ,1P1,41,White Shoal,413,907,0.1951,0.0011,0.0044,0.2006
2021,10/9/2021,DT         ,P          ,1P1,41,White Shoal,414,936,0.2244,0.0128,0.0459,0.2831
2021,10/9/2021,DT,P   ,1P2,42,Palmata Patch,421,2332,0.1531,0.0009,0.0103,0.1643
2021,10/9/2021,DT,P   ,1P2,42,Palmata Patch,422,2876,0.0824,0,0.0108,0.0932
2021,10/9/2021,DT,P   ,1P3,43,Prolifera Patch,431,2414,0.0257,0.0004,0.0037,0.0298
2021,10/9/2021,DT,P   ,1P3,43,Prolifera Patch,432,2654,0.0426,0,0.0057,0.0483
2021,10/9/2021,DT,P   ,1P3,43,Prolifera Patch,433,2685,0.0711,0.0007,0.035,0.1068
2021,10/8/2021,DT,P   ,1P4,44,Temptation Rock,441,875,0.1669,0.0251,0.0354,0.2274
2021,10/8/2021,DT,P   ,1P4,44,Temptation Rock,442,883,0.1438,0.026,0.0079,0.1777
2021,10/8/2021,DT,P   ,1P4,44,Temptation Rock,443,916,0.1037,0.0207,0.0142,0.1386
2021,10/8/2021,DT,P   ,1P4,44,Temptation Rock,444,918,0.1383,0.0196,0,0.1579
2021,10/8/2021,DT,P   ,1P5,45,Mayer's Peak,451,787,0.2554,0.0597,0.0064,0.3215
2021,10/8/2021,DT,P   ,1P5,45,Mayer's Peak,452,857,0.3221,0.035,0.0047,0.3618
2021,10/8/2021,DT,P   ,1P5,45,Mayer's Peak,453,877,0.2087,0.0639,0.0091,0.2817
2021,10/8/2021,DT,P   ,1P5,45,Mayer's Peak,454,884,0.2285,0.0724,0.0283,0.3292
2021,10/10/2021,DT,P,1P6,46,Loggerhead Patch,461,2599,0.0185,0.0004,0.0012,0.0201
2021,10/10/2021,DT,P,1P6,46,Loggerhead Patch,462,2688,0.0074,0.0004,0,0.0078
2021,10/9/2021,DT         ,OD         ,1D1,82,Bird Key Reef,821,914,0.1335,0.0263,0,0.1598
2021,10/9/2021,DT         ,OD         ,1D1,82,Bird Key Reef,822,973,0.1131,0.0072,0.0123,0.1326
2021,10/9/2021,DT         ,OD         ,1D1,82,Bird Key Reef,823,985,0.1381,0.0254,0.0061,0.1696
2021,10/9/2021,DT         ,OD         ,1D1,82,Bird Key Reef,824,1089,0.1983,0.0211,0.0009,0.2203
2021,10/7/2021,DT         ,OD         ,1D2,83,Black Coral Rock,831,803,0.0971,0.0286,0,0.1257
2021,10/7/2021,DT         ,OD         ,1D2,83,Black Coral Rock,832,941,0.0755,0.0266,0,0.1021
2021,10/7/2021,DT         ,OD         ,1D2,83,Black Coral Rock,833,965,0.0518,0.0259,0.0052,0.0829
2021,10/7/2021,DT         ,OD         ,1D2,83,Black Coral Rock,834,859,0.092,0.021,0.0012,0.1142
2022,8/11/2022,DT,P,1PA,27,The Maze,271,894,0.1253,0.0548,0.0123,0.1924
2022,8/11/2022,DT,P,1PA,27,The Maze,272,977,0.0809,0.0604,0.0092,0.1505
2022,8/11/2022,DT,P,1PA,27,The Maze,273,1010,0.0525,0.0584,0,0.1109
2022,8/11/2022,DT,P,1PA,27,The Maze,274,947,0.1024,0.0306,0.0074,0.1404
2022,8/12/2022,DT,P,1PB,28,Davis Rock,281,988,0,0.0142,0,0.0142
2022,8/12/2022,DT,P,1PB,28,Davis Rock,282,841,0,0.0404,0,0.0404
2022,8/12/2022,DT,P,1PB,28,Davis Rock,283,928,0,0.028,0,0.028
2022,8/12/2022,DT,P,1PB,28,Davis Rock,284,808,0,0.0223,0,0.0223
2022,8/12/2022,DT,P,1PC,29,Texas Rock,291,793,0.0013,0.0429,0,0.0442
2022,8/12/2022,DT,P,1PC,29,Texas Rock,292,895,0.0056,0.019,0.0022,0.0268
2022,8/12/2022,DT,P,1PC,29,Texas Rock,293,782,0,0.0512,0,0.0512
2022,8/12/2022,DT,P,1PC,29,Texas Rock,294,1112,0.0171,0.0504,0.0036,0.0711
2022,8/12/2022,DT         ,P          ,1P1,41,White Shoal,411,848,0.0884,0.0024,0.0035,0.0943
2022,8/12/2022,DT         ,P          ,1P1,41,White Shoal,412,833,0.0924,0.0084,0,0.1008
2022,8/12/2022,DT         ,P          ,1P1,41,White Shoal,413,796,0.1533,0.005,0.005,0.1633
2022,8/12/2022,DT         ,P          ,1P1,41,White Shoal,414,860,0.2,0.014,0.0163,0.2303
2022,8/15/2022,DT,P   ,1P2,42,Palmata Patch,421,2591,0.1482,0.0027,0.0112,0.1621
2022,8/15/2022,DT,P   ,1P2,42,Palmata Patch,422,2905,0.0596,0,0.0148,0.0744
2022,8/15/2022,DT,P   ,1P3,43,Prolifera Patch,431,2630,0.0194,0,0.0068,0.0262
2022,8/15/2022,DT,P   ,1P3,43,Prolifera Patch,432,2684,0.0473,0,0.0063,0.0536
2022,8/15/2022,DT,P   ,1P3,43,Prolifera Patch,433,2678,0.0814,0,0.0276,0.109
2022,8/11/2022,DT,P   ,1P4,44,Temptation Rock,441,858,0.1865,0.0396,0.021,0.2471
2022,8/11/2022,DT,P   ,1P4,44,Temptation Rock,442,877,0.1163,0.0274,0.0103,0.154
2022,8/11/2022,DT,P   ,1P4,44,Temptation Rock,443,877,0.1231,0.0057,0.008,0.1368
2022,8/11/2022,DT,P   ,1P4,44,Temptation Rock,444,947,0.1225,0.0306,0.0074,0.1605
2022,8/11/2022,DT,P   ,1P5,45,Mayer's Peak,451,854,0.2026,0.0585,0.0082,0.2693
2022,8/11/2022,DT,P   ,1P5,45,Mayer's Peak,452,931,0.2342,0.0516,0.0064,0.2922
2022,8/11/2022,DT,P   ,1P5,45,Mayer's Peak,453,948,0.192,0.0643,0.0095,0.2658
2022,8/11/2022,DT,P   ,1P5,45,Mayer's Peak,454,911,0.1998,0.1065,0.0285,0.3348
2022,8/14/2022,DT,P,1P6,46,Loggerhead Patch,461,2426,0.0264,0,0.0029,0.0293
2022,8/14/2022,DT,P,1P6,46,Loggerhead Patch,462,2562,0.007,0,0,0.007
2022,8/14/2022,DT         ,OD         ,1D1,82,Bird Key Reef,821,924,0.1245,0.0173,0,0.1418
2022,8/14/2022,DT         ,OD         ,1D1,82,Bird Key Reef,822,962,0.1383,0.0062,0.0021,0.1466
2022,8/14/2022,DT         ,OD         ,1D1,82,Bird Key Reef,823,980,0.1194,0.0153,0,0.1347
2022,8/14/2022,DT         ,OD         ,1D1,82,Bird Key Reef,824,1040,0.1433,0.0183,0.0077,0.1693
2022,8/13/2022,DT         ,OD         ,1D2,83,Black Coral Rock,831,919,0.1371,0.0196,0.0011,0.1578
2022,8/13/2022,DT         ,OD         ,1D2,83,Black Coral Rock,832,984,0.061,0.0152,0,0.0762
2022,8/13/2022,DT         ,OD         ,1D2,83,Black Coral Rock,833,916,0.0546,0.0262,0,0.0808
2022,8/13/2022,DT         ,OD         ,1D2,83,Black Coral Rock,834,886,0.088,0.0181,0.0079,0.114
2023,8/10/2023,DT,P,1PA,27,The Maze,271,893,0.0605,0.0493,0.0336,0.1434
2023,8/10/2023,DT,P,1PA,27,The Maze,272,901,0.061,0.0466,0.0055,0.1131
2023,8/10/2023,DT,P,1PA,27,The Maze,273,1027,0.0321,0.0399,0.001,0.073
2023,8/10/2023,DT,P,1PA,27,The Maze,274,967,0.0724,0.0248,0.0103,0.1075
2023,8/12/2023,DT,P,1PB,28,Davis Rock,281,903,0.0011,0.0321,0,0.0332
2023,8/12/2023,DT,P,1PB,28,Davis Rock,282,808,0,0.0619,0,0.0619
2023,8/12/2023,DT,P,1PB,28,Davis Rock,283,961,0,0.0354,0,0.0354
2023,8/12/2023,DT,P,1PB,28,Davis Rock,284,818,0.0012,0.0196,0,0.0208
2023,8/8/2023,DT,P,1PC,29,Texas Rock,291,898,0.0045,0.0234,0,0.0279
2023,8/8/2023,DT,P,1PC,29,Texas Rock,292,981,0.0143,0.0204,0,0.0347
2023,8/8/2023,DT,P,1PC,29,Texas Rock,293,811,0.0025,0.0543,0.0012,0.058
2023,8/8/2023,DT,P,1PC,29,Texas Rock,294,1237,0.0137,0.0558,0.004,0.0735
2023,8/10/2023,DT         ,P          ,1P1,41,White Shoal,411,846,0.0296,0.0035,0.0118,0.0449
2023,8/10/2023,DT         ,P          ,1P1,41,White Shoal,412,836,0.0179,0.012,0.0012,0.0311
2023,8/10/2023,DT         ,P          ,1P1,41,White Shoal,413,764,0.0524,0.0013,0.0013,0.055
2023,8/10/2023,DT         ,P          ,1P1,41,White Shoal,414,799,0.1164,0.0213,0.0188,0.1565
2023,8/9/2023,DT,P   ,1P2,42,Palmata Patch,421,2462,0.1669,0.0004,0.0175,0.1848
2023,8/9/2023,DT,P   ,1P2,42,Palmata Patch,422,2899,0.0517,0,0.0172,0.0689
2023,8/9/2023,DT,P   ,1P3,43,Prolifera Patch,431,2352,0.0548,0,0.0128,0.0676
2023,8/9/2023,DT,P   ,1P3,43,Prolifera Patch,432,2546,0.0251,0,0.0118,0.0369
2023,8/9/2023,DT,P   ,1P3,43,Prolifera Patch,433,2735,0.0761,0.0007,0.038,0.1148
2023,8/11/2023,DT,P   ,1P4,44,Temptation Rock,441,921,0.1433,0.0185,0.038,0.1998
2023,8/11/2023,DT,P   ,1P4,44,Temptation Rock,442,890,0.1011,0.0056,0.0157,0.1224
2023,8/11/2023,DT,P   ,1P4,44,Temptation Rock,443,838,0.0501,0.0143,0.0036,0.068
2023,8/11/2023,DT,P   ,1P4,44,Temptation Rock,444,831,0.1107,0.0325,0.0036,0.1468
2023,8/10/2023,DT,P   ,1P5,45,Mayer's Peak,451,835,0.1293,0.0695,0.0323,0.2311
2023,8/10/2023,DT,P   ,1P5,45,Mayer's Peak,452,890,0.173,0.0326,0.0101,0.2157
2023,8/10/2023,DT,P   ,1P5,45,Mayer's Peak,453,929,0.1442,0.0484,0.0151,0.2077
2023,8/10/2023,DT,P   ,1P5,45,Mayer's Peak,454,871,0.1412,0.085,0.0299,0.2561
2023,8/10/2023,DT,P,1P6,46,Loggerhead Patch,461,2586,0.0418,0.0004,0.0023,0.0445
2023,8/10/2023,DT,P,1P6,46,Loggerhead Patch,462,2666,0.0116,0.0008,0.0008,0.0132
2023,8/9/2023,DT         ,OD         ,1D1,82,Bird Key Reef,821,918,0.1024,0.0294,0,0.1318
2023,8/9/2023,DT         ,OD         ,1D1,82,Bird Key Reef,822,1013,0.0632,0.0118,0.002,0.077
2023,8/9/2023,DT         ,OD         ,1D1,82,Bird Key Reef,823,962,0.0769,0.0218,0,0.0987
2023,8/9/2023,DT         ,OD         ,1D1,82,Bird Key Reef,824,1059,0.0831,0.0293,0.0009,0.1133
2023,8/11/2023,DT         ,OD         ,1D2,83,Black Coral Rock,831,834,0.0947,0.0132,0.0012,0.1091
2023,8/11/2023,DT         ,OD         ,1D2,83,Black Coral Rock,832,983,0.0478,0.0102,0.002,0.06
2023,8/11/2023,DT         ,OD         ,1D2,83,Black Coral Rock,833,860,0.0302,0.0267,0.0023,0.0592
2023,8/11/2023,DT         ,OD         ,1D2,83,Black Coral Rock,834,888,0.0439,0.0146,0.0045,0.063
